{"cameraMode":{"drawMode":0,"name":"Shaded","section":"Shading Mode"},"sceneLighting":true,"audioPlay":false,"sceneViewState":{"showFog":true,"showMaterialUpdate":true,"showSkybox":true,"showFlares":true,"showImageEffects":true,"showParticleSystems":true},"in2DMode":false,"pivot":{"x":50.399959564208987,"y":-7.374250411987305,"z":43.99256896972656},"rotation":{"x":-0.06990160048007965,"y":-0.36885401606559756,"z":0.02783205173909664,"w":-0.9264419078826904},"size":81.25604248046875,"orthographic":false}