{"cameraMode":{"drawMode":0,"name":"Shaded","section":"Shading Mode"},"sceneLighting":true,"audioPlay":false,"sceneViewState":{"showFog":true,"showMaterialUpdate":true,"showSkybox":true,"showFlares":true,"showImageEffects":true,"showParticleSystems":true},"in2DMode":false,"pivot":{"x":5.901795387268066,"y":-10.162789344787598,"z":44.6986083984375},"rotation":{"x":-0.13176660239696504,"y":-0.04845605418086052,"z":0.0064485943876206879,"w":-0.9900784492492676},"size":57.20476150512695,"orthographic":false}